day_num,weekday,extra,Как вы участвовали сегодня?,Оцените уровень сложности сегодняшнего дня,Насколько было интересно сегодня?,"Оцените качество материалов (слайды, задания, примеры и т.д.)"
16,четверг,Часть Ивана Позднякова,Смотрю ОНЛАЙН-трансляцию в DISCORD,Оптимально,Очень интересно,Хорошо
16,четверг,Часть Ивана Позднякова,Смотрю ОНЛАЙН-трансляцию в DISCORD,Оптимально,Очень интересно,Хорошо
16,четверг,Часть Ивана Позднякова,Смотрю ОНЛАЙН-трансляцию в DISCORD,Оптимально,Очень интересно,Хорошо
16,четверг,Часть Ивана Позднякова,Смотрю ОНЛАЙН-трансляцию в DISCORD,Оптимально,Очень интересно,Нормально
16,четверг,Часть Ивана Позднякова,Смотрю ЗАПИСЬ в RUTUBE,Оптимально,Очень интересно,Хорошо
15,вторник,Часть Ивана Позднякова,Смотрю ОНЛАЙН-трансляцию в DISCORD,Оптимально,Очень интересно,Хорошо
15,вторник,Часть Ивана Позднякова,Смотрю ОНЛАЙН-трансляцию в DISCORD,Оптимально,Очень интересно,Нормально
15,вторник,Часть Ивана Позднякова,Смотрю ОНЛАЙН-трансляцию в DISCORD,Слишком сложно/быстро,Очень интересно,Нормально
15,вторник,Часть Ивана Позднякова,Смотрю ЗАПИСЬ в RUTUBE,Оптимально,Очень интересно,Хорошо
15,вторник,Часть Ивана Позднякова,Смотрю ОНЛАЙН-трансляцию в DISCORD,Слишком легко/медленно,Нейтрально,Нормально
15,вторник,Часть Ивана Позднякова,Смотрю ОНЛАЙН-трансляцию в DISCORD,Оптимально,Очень интересно,Нормально
15,вторник,Часть Ивана Позднякова,Смотрю ЗАПИСЬ в RUTUBE,Оптимально,Очень интересно,Хорошо
14,суббота,Часть Ивана Позднякова,Смотрю ОНЛАЙН-трансляцию в DISCORD,Слишком сложно/быстро,Нейтрально,Нормально
14,суббота,Часть Ивана Позднякова,Смотрю ОНЛАЙН-трансляцию в DISCORD,Оптимально,Очень интересно,Хорошо
14,суббота,Часть Елены Убогоевой,Смотрю ОНЛАЙН-трансляцию в DISCORD,Оптимально,Очень интересно,Хорошо
14,суббота,Часть Елены Убогоевой,Смотрю ОНЛАЙН-трансляцию в DISCORD,Оптимально,Очень интересно,Хорошо
14,суббота,Часть Елены Убогоевой,Смотрю ОНЛАЙН-трансляцию в DISCORD,Оптимально,Очень интересно,Нормально
14,суббота,Часть Елены Убогоевой,Смотрю ОНЛАЙН-трансляцию в DISCORD,Оптимально,Очень интересно,Хорошо
13,четверг,Часть Ивана Позднякова,Смотрю ОНЛАЙН-трансляцию в DISCORD,Оптимально,Нейтрально,Нормально
13,четверг,Часть Ивана Позднякова,Смотрю ОНЛАЙН-трансляцию в DISCORD,Оптимально,Очень интересно,Хорошо
13,четверг,Часть Ивана Позднякова,Смотрю ОНЛАЙН-трансляцию в DISCORD,Слишком сложно/быстро,Очень интересно,Нормально
13,четверг,Часть Ивана Позднякова,Смотрю ОНЛАЙН-трансляцию в DISCORD,Оптимально,Очень интересно,Хорошо
13,четверг,Часть Ивана Позднякова,Смотрю ОНЛАЙН-трансляцию в DISCORD,Оптимально,Очень интересно,Хорошо
13,четверг,Часть Елены Рыбиной,Смотрю ОНЛАЙН-трансляцию в DISCORD,Оптимально,Нейтрально,Нормально
13,четверг,Часть Елены Рыбиной,Смотрю ОНЛАЙН-трансляцию в DISCORD,Оптимально,Очень интересно,Нормально
13,четверг,Часть Елены Рыбиной,Смотрю ОНЛАЙН-трансляцию в RUTUBE,Оптимально,Очень интересно,Нормально
13,четверг,Часть Елены Рыбиной,Смотрю ОНЛАЙН-трансляцию в DISCORD,Оптимально,Очень интересно,Хорошо
13,четверг,Часть Елены Рыбиной,Смотрю ОНЛАЙН-трансляцию в RUTUBE,Оптимально,Очень интересно,Хорошо
13,четверг,Часть Елены Рыбиной,Смотрю ОНЛАЙН-трансляцию в RUTUBE,Оптимально,Очень интересно,Хорошо
13,четверг,Часть Елены Рыбиной,Смотрю ОНЛАЙН-трансляцию в DISCORD,Оптимально,Очень интересно,Хорошо
12,вторник,Часть Ивана Позднякова,Смотрю ОНЛАЙН-трансляцию в RUTUBE,Оптимально,Очень интересно,Нормально
12,вторник,Часть Ивана Позднякова,Смотрю ОНЛАЙН-трансляцию в RUTUBE,Оптимально,Очень интересно,Хорошо
12,вторник,Часть Ивана Позднякова,Смотрю ОНЛАЙН-трансляцию в DISCORD,Оптимально,Очень интересно,Нормально
12,вторник,Часть Ивана Позднякова,Смотрю ОНЛАЙН-трансляцию в DISCORD,Оптимально,Нейтрально,Хорошо
11,четверг,Часть Ивана Позднякова,Смотрю ОНЛАЙН-трансляцию в DISCORD,Оптимально,Нейтрально,Нормально
11,четверг,Часть Ивана Позднякова,Смотрю ОНЛАЙН-трансляцию в DISCORD,Оптимально,Очень интересно,Хорошо
11,четверг,Часть Ивана Позднякова,Смотрю ОНЛАЙН-трансляцию в DISCORD,Оптимально,Очень интересно,Хорошо
11,четверг,Часть Ивана Позднякова,Смотрю ОНЛАЙН-трансляцию в DISCORD,Оптимально,Очень интересно,Хорошо
11,четверг,Часть Ивана Позднякова,Смотрю ОНЛАЙН-трансляцию в DISCORD,Оптимально,Нейтрально,Хорошо
11,четверг,Часть Ивана Позднякова,Смотрю ОНЛАЙН-трансляцию в RUTUBE,Оптимально,Очень интересно,Хорошо
11,четверг,Часть Ивана Позднякова,Смотрю ОНЛАЙН-трансляцию в RUTUBE,Оптимально,Очень интересно,Нормально
11,четверг,Часть Ивана Позднякова,Смотрю ЗАПИСЬ в RUTUBE,Оптимально,Очень интересно,Хорошо
11,четверг,Часть Ивана Позднякова,Смотрю ЗАПИСЬ в RUTUBE,Оптимально,Очень интересно,Хорошо
11,четверг,Часть Ивана Позднякова,Смотрю ЗАПИСЬ в RUTUBE,Оптимально,Очень интересно,Хорошо
10,вторник,Часть Ивана Позднякова,Смотрю ОНЛАЙН-трансляцию в RUTUBE,Оптимально,Очень интересно,Хорошо
10,вторник,Часть Ивана Позднякова,Смотрю ОНЛАЙН-трансляцию в DISCORD,Слишком легко/медленно,Нейтрально,Хорошо
10,вторник,Часть Ивана Позднякова,Смотрю ОНЛАЙН-трансляцию в RUTUBE,Оптимально,Очень интересно,Хорошо
10,вторник,Часть Ивана Позднякова,Смотрю ОНЛАЙН-трансляцию в DISCORD,Слишком легко/медленно,Нейтрально,Плохо
10,вторник,Часть Ивана Позднякова,Смотрю ЗАПИСЬ в RUTUBE,Слишком легко/медленно,Нейтрально,Хорошо
10,вторник,Часть Ивана Позднякова,Смотрю ЗАПИСЬ в RUTUBE,Слишком легко/медленно,Нейтрально,Нормально
9,четверг,Часть Ивана Позднякова,Смотрю ОНЛАЙН-трансляцию в DISCORD,Слишком сложно/быстро,Очень интересно,Хорошо
9,четверг,Часть Ивана Позднякова,Смотрю ОНЛАЙН-трансляцию в DISCORD,Слишком сложно/быстро,Очень интересно,Хорошо
9,четверг,Часть Ивана Позднякова,Смотрю ОНЛАЙН-трансляцию в DISCORD,Оптимально,Очень интересно,Нормально
9,четверг,Часть Ивана Позднякова,Смотрю ОНЛАЙН-трансляцию в RUTUBE,Оптимально,Нейтрально,Хорошо
9,четверг,Часть Ивана Позднякова,Смотрю ОНЛАЙН-трансляцию в DISCORD,Слишком сложно/быстро,Очень интересно,Хорошо
9,четверг,Часть Ивана Позднякова,Смотрю ОНЛАЙН-трансляцию в DISCORD,Слишком сложно/быстро,Нейтрально,Хорошо
9,четверг,Часть Ивана Позднякова,Смотрю ОНЛАЙН-трансляцию в DISCORD,Слишком сложно/быстро,Нейтрально,Хорошо
9,четверг,Часть Ивана Позднякова,Смотрю ОНЛАЙН-трансляцию в DISCORD,Слишком сложно/быстро,Нейтрально,Нормально
9,четверг,Часть Ивана Позднякова,Смотрю ЗАПИСЬ в RUTUBE,Оптимально,Очень интересно,Хорошо
9,четверг,Часть Ивана Позднякова,Смотрю ЗАПИСЬ в RUTUBE,Слишком сложно/быстро,Очень интересно,Хорошо
9,четверг,Часть Ивана Позднякова,Смотрю ЗАПИСЬ в RUTUBE,Оптимально,Очень интересно,Хорошо
9,четверг,Часть Ивана Позднякова,Смотрю ЗАПИСЬ в RUTUBE,Оптимально,Очень интересно,Хорошо
9,четверг,Часть Ивана Позднякова,Смотрю ЗАПИСЬ в RUTUBE,Слишком сложно/быстро,Очень интересно,Хорошо
9,четверг,Часть Ивана Позднякова,Смотрю ЗАПИСЬ в RUTUBE,Оптимально,Очень интересно,Хорошо
9,четверг,Часть Дарьи Бородко,Смотрю ОНЛАЙН-трансляцию в DISCORD,Слишком сложно/быстро,Очень интересно,Хорошо
9,четверг,Часть Дарьи Бородко,Смотрю ОНЛАЙН-трансляцию в DISCORD,Оптимально,Очень интересно,Хорошо
9,четверг,Часть Дарьи Бородко,Смотрю ОНЛАЙН-трансляцию в DISCORD,Оптимально,Очень интересно,Хорошо
9,четверг,Часть Дарьи Бородко,Смотрю ОНЛАЙН-трансляцию в DISCORD,Оптимально,Очень интересно,Хорошо
9,четверг,Часть Дарьи Бородко,Смотрю ОНЛАЙН-трансляцию в DISCORD,Слишком сложно/быстро,Очень интересно,Нормально
9,четверг,Часть Дарьи Бородко,Смотрю ЗАПИСЬ в RUTUBE,Оптимально,Очень интересно,Хорошо
9,четверг,Часть Дарьи Бородко,Смотрю ЗАПИСЬ в RUTUBE,Оптимально,Очень интересно,Хорошо
9,четверг,Часть Дарьи Бородко,Смотрю ЗАПИСЬ в RUTUBE,Слишком сложно/быстро,Очень интересно,Хорошо
8,вторник,Часть Ивана Позднякова,Смотрю ОНЛАЙН-трансляцию в DISCORD,Слишком сложно/быстро,Нейтрально,Хорошо
8,вторник,Часть Ивана Позднякова,Смотрю ОНЛАЙН-трансляцию в DISCORD,Оптимально,Очень интересно,Хорошо
8,вторник,Часть Ивана Позднякова,Смотрю ОНЛАЙН-трансляцию в DISCORD,Оптимально,Очень интересно,Хорошо
8,вторник,Часть Ивана Позднякова,Смотрю ОНЛАЙН-трансляцию в DISCORD,Слишком сложно/быстро,Очень интересно,Хорошо
8,вторник,Часть Ивана Позднякова,Смотрю ОНЛАЙН-трансляцию в DISCORD,Оптимально,Нейтрально,Хорошо
8,вторник,Часть Ивана Позднякова,Смотрю ОНЛАЙН-трансляцию в DISCORD,Оптимально,Нейтрально,Хорошо
8,вторник,Часть Ивана Позднякова,Смотрю ОНЛАЙН-трансляцию в RUTUBE,Оптимально,Нейтрально,Нормально
8,вторник,Часть Ивана Позднякова,Смотрю ЗАПИСЬ в RUTUBE,Оптимально,Очень интересно,Хорошо
8,вторник,Часть Ивана Позднякова,Смотрю ОНЛАЙН-трансляцию в DISCORD,Слишком сложно/быстро,Очень интересно,Хорошо
8,вторник,Часть Ивана Позднякова,Смотрю ЗАПИСЬ в RUTUBE,Оптимально,Очень интересно,Нормально
8,вторник,Часть Ивана Позднякова,Смотрю ЗАПИСЬ в RUTUBE,Оптимально,Нейтрально,Нормально
8,вторник,Часть Ивана Позднякова,Смотрю ЗАПИСЬ в RUTUBE,Оптимально,Очень интересно,Хорошо
8,вторник,Часть Ивана Позднякова,Смотрю ЗАПИСЬ в RUTUBE,Оптимально,Очень интересно,Хорошо
8,вторник,Часть Ивана Позднякова,Смотрю ЗАПИСЬ в RUTUBE,Оптимально,Очень интересно,Хорошо
8,вторник,Часть Ивана Позднякова,Смотрю ЗАПИСЬ в RUTUBE,Оптимально,Очень интересно,Хорошо
7,четверг,Часть Ивана Позднякова,Смотрю ОНЛАЙН-трансляцию в DISCORD,Оптимально,Очень интересно,Хорошо
7,четверг,Часть Ивана Позднякова,Смотрю ОНЛАЙН-трансляцию в DISCORD,Оптимально,Нейтрально,Хорошо
7,четверг,Часть Ивана Позднякова,Смотрю ОНЛАЙН-трансляцию в RUTUBE,Оптимально,Очень интересно,Хорошо
7,четверг,Часть Ивана Позднякова,Смотрю ОНЛАЙН-трансляцию в DISCORD,Оптимально,Нейтрально,Нормально
7,четверг,Часть Ивана Позднякова,Смотрю ОНЛАЙН-трансляцию в DISCORD,Оптимально,Очень интересно,Хорошо
7,четверг,Часть Ивана Позднякова,Смотрю ОНЛАЙН-трансляцию в RUTUBE,Оптимально,Очень интересно,Хорошо
7,четверг,Часть Ивана Позднякова,Смотрю ОНЛАЙН-трансляцию в DISCORD,Оптимально,Очень интересно,Нормально
7,четверг,Часть Ивана Позднякова,Смотрю ОНЛАЙН-трансляцию в DISCORD,Оптимально,Очень интересно,Хорошо
7,четверг,Часть Ивана Позднякова,Смотрю ОНЛАЙН-трансляцию в DISCORD,Оптимально,Очень интересно,Хорошо
7,четверг,Часть Ивана Позднякова,Смотрю ОНЛАЙН-трансляцию в DISCORD,Оптимально,Очень интересно,Хорошо
7,четверг,Часть Ивана Позднякова,Смотрю ОНЛАЙН-трансляцию в DISCORD,Оптимально,Очень интересно,Нормально
7,четверг,Часть Ивана Позднякова,Смотрю ОНЛАЙН-трансляцию в DISCORD,Оптимально,Нейтрально,Хорошо
7,четверг,Часть Ивана Позднякова,Смотрю ОНЛАЙН-трансляцию в RUTUBE,Оптимально,Нейтрально,Нормально
7,четверг,Часть Ивана Позднякова,Смотрю ОНЛАЙН-трансляцию в DISCORD,Оптимально,Нейтрально,Хорошо
7,четверг,Часть Ивана Позднякова,Смотрю ОНЛАЙН-трансляцию в DISCORD,Оптимально,Очень интересно,Хорошо
7,четверг,Часть Ивана Позднякова,Смотрю ЗАПИСЬ в RUTUBE,Оптимально,Очень интересно,Хорошо
7,четверг,Часть Ивана Позднякова,Смотрю ЗАПИСЬ в RUTUBE,Оптимально,Очень интересно,Хорошо
7,четверг,Часть Ивана Позднякова,Смотрю ОНЛАЙН-трансляцию в RUTUBE,Оптимально,Очень интересно,Хорошо
7,четверг,Часть Ивана Позднякова,Смотрю ЗАПИСЬ в RUTUBE,Оптимально,Очень интересно,Хорошо
7,четверг,Часть Ивана Позднякова,Смотрю ЗАПИСЬ в RUTUBE,Оптимально,Очень интересно,Хорошо
7,четверг,Часть Ивана Позднякова,Смотрю ЗАПИСЬ в RUTUBE,Оптимально,Очень интересно,Хорошо
6,вторник,Часть Ивана Позднякова,Смотрю ОНЛАЙН-трансляцию в DISCORD,Оптимально,Очень интересно,Нормально
6,вторник,Часть Ивана Позднякова,Смотрю ОНЛАЙН-трансляцию в DISCORD,Слишком сложно/быстро,Очень интересно,Хорошо
6,вторник,Часть Ивана Позднякова,Смотрю ОНЛАЙН-трансляцию в DISCORD,Оптимально,Очень интересно,Хорошо
6,вторник,Часть Ивана Позднякова,Смотрю ОНЛАЙН-трансляцию в DISCORD,Слишком сложно/быстро,Очень интересно,Нормально
6,вторник,Часть Ивана Позднякова,Смотрю ОНЛАЙН-трансляцию в DISCORD,Оптимально,Нейтрально,Хорошо
6,вторник,Часть Ивана Позднякова,Смотрю ОНЛАЙН-трансляцию в DISCORD,Оптимально,Неинтересно,Хорошо
6,вторник,Часть Ивана Позднякова,Смотрю ОНЛАЙН-трансляцию в DISCORD,Оптимально,Нейтрально,Хорошо
6,вторник,Часть Ивана Позднякова,Смотрю ОНЛАЙН-трансляцию в DISCORD,Слишком сложно/быстро,Нейтрально,Хорошо
6,вторник,Часть Ивана Позднякова,Смотрю ОНЛАЙН-трансляцию в DISCORD,Слишком сложно/быстро,Очень интересно,Хорошо
6,вторник,Часть Ивана Позднякова,Смотрю ОНЛАЙН-трансляцию в RUTUBE,Оптимально,Очень интересно,Хорошо
6,вторник,Часть Ивана Позднякова,Смотрю ОНЛАЙН-трансляцию в DISCORD,Оптимально,Очень интересно,Нормально
6,вторник,Часть Ивана Позднякова,Смотрю ЗАПИСЬ в RUTUBE,Оптимально,Очень интересно,Хорошо
6,вторник,Часть Ивана Позднякова,Смотрю ОНЛАЙН-трансляцию в RUTUBE,Оптимально,Нейтрально,Нормально
6,вторник,Часть Ивана Позднякова,Смотрю ЗАПИСЬ в RUTUBE,Оптимально,Очень интересно,Хорошо
5,суббота,Часть Ивана Позднякова,Смотрю ОНЛАЙН-трансляцию в DISCORD,Оптимально,Очень интересно,Хорошо
5,суббота,Часть Ивана Позднякова,Смотрю ОНЛАЙН-трансляцию в RUTUBE,Оптимально,Нейтрально,Хорошо
5,суббота,Часть Ивана Позднякова,Смотрю ОНЛАЙН-трансляцию в DISCORD,Оптимально,Очень интересно,Хорошо
5,суббота,Часть Ивана Позднякова,Смотрю ОНЛАЙН-трансляцию в RUTUBE,Оптимально,Очень интересно,Хорошо
5,суббота,Часть Ивана Позднякова,Смотрю ОНЛАЙН-трансляцию в DISCORD,Оптимально,Очень интересно,Нормально
5,суббота,Часть Ивана Позднякова,Смотрю ОНЛАЙН-трансляцию в RUTUBE,Оптимально,Очень интересно,Нормально
5,суббота,Часть Ивана Позднякова,Смотрю ОНЛАЙН-трансляцию в DISCORD,Оптимально,Нейтрально,Нормально
5,суббота,Часть Ивана Позднякова,Смотрю ЗАПИСЬ в RUTUBE,Оптимально,Очень интересно,Хорошо
5,суббота,Часть Ивана Позднякова,Смотрю ЗАПИСЬ в RUTUBE,Оптимально,Нейтрально,Хорошо
5,суббота,Часть Ивана Позднякова,Смотрю ЗАПИСЬ в RUTUBE,Оптимально,Очень интересно,Хорошо
5,суббота,Часть Ивана Позднякова,Смотрю ЗАПИСЬ в RUTUBE,Оптимально,Очень интересно,Хорошо
5,суббота,Часть Ивана Позднякова,Смотрю ЗАПИСЬ в RUTUBE,Оптимально,Очень интересно,Нормально
5,суббота,Часть Ивана Позднякова,Смотрю ЗАПИСЬ в RUTUBE,Оптимально,Очень интересно,Хорошо
5,суббота,Часть Ивана Позднякова,Смотрю ЗАПИСЬ в RUTUBE,Оптимально,Нейтрально,Нормально
5,суббота,Часть Ивана Позднякова,Смотрю ЗАПИСЬ в RUTUBE,Оптимально,Очень интересно,Хорошо
5,суббота,Часть Ивана Позднякова,Смотрю ЗАПИСЬ в RUTUBE,Оптимально,Очень интересно,Хорошо
4,четверг,Часть Ивана Позднякова,Смотрю ОНЛАЙН-трансляцию в DISCORD,Оптимально,Очень интересно,Хорошо
4,четверг,Часть Ивана Позднякова,Смотрю ОНЛАЙН-трансляцию в DISCORD,Слишком сложно/быстро,Очень интересно,Нормально
4,четверг,Часть Ивана Позднякова,Смотрю ОНЛАЙН-трансляцию в DISCORD,Слишком сложно/быстро,Очень интересно,Хорошо
4,четверг,Часть Ивана Позднякова,Смотрю ОНЛАЙН-трансляцию в DISCORD,Оптимально,Очень интересно,Хорошо
4,четверг,Часть Ивана Позднякова,Смотрю ОНЛАЙН-трансляцию в DISCORD,Оптимально,Нейтрально,Хорошо
4,четверг,Часть Ивана Позднякова,Смотрю ОНЛАЙН-трансляцию в RUTUBE,Оптимально,Очень интересно,Хорошо
4,четверг,Часть Ивана Позднякова,Смотрю ОНЛАЙН-трансляцию в RUTUBE,Слишком сложно/быстро,Очень интересно,Хорошо
4,четверг,Часть Ивана Позднякова,Смотрю ОНЛАЙН-трансляцию в DISCORD,Оптимально,Очень интересно,Хорошо
4,четверг,Часть Ивана Позднякова,Смотрю ОНЛАЙН-трансляцию в DISCORD,Оптимально,Очень интересно,Хорошо
4,четверг,Часть Ивана Позднякова,Смотрю ОНЛАЙН-трансляцию в DISCORD,Слишком сложно/быстро,Нейтрально,Нормально
4,четверг,Часть Ивана Позднякова,Смотрю ОНЛАЙН-трансляцию в DISCORD,Оптимально,Очень интересно,Хорошо
4,четверг,Часть Ивана Позднякова,Смотрю ОНЛАЙН-трансляцию в RUTUBE,Оптимально,Очень интересно,Хорошо
4,четверг,Часть Ивана Позднякова,Смотрю ЗАПИСЬ в RUTUBE,Оптимально,Нейтрально,Хорошо
4,четверг,Часть Ивана Позднякова,Смотрю ЗАПИСЬ в RUTUBE,Оптимально,Очень интересно,Хорошо
4,четверг,Часть Ивана Позднякова,Смотрю ЗАПИСЬ в RUTUBE,Оптимально,Очень интересно,Хорошо
4,четверг,Часть Ивана Позднякова,Смотрю ЗАПИСЬ в RUTUBE,Оптимально,Нейтрально,Нормально
4,четверг,Часть Ивана Позднякова,Смотрю ЗАПИСЬ в RUTUBE,Оптимально,Нейтрально,Нормально
4,четверг,Часть Ивана Позднякова,Смотрю ЗАПИСЬ в RUTUBE,Оптимально,Очень интересно,Хорошо
3,вторник,Часть Ивана Позднякова,Смотрю ОНЛАЙН-трансляцию в DISCORD,Слишком сложно/быстро,Очень интересно,Хорошо
3,вторник,Часть Ивана Позднякова,Смотрю ОНЛАЙН-трансляцию в DISCORD,Оптимально,Очень интересно,Хорошо
3,вторник,Часть Ивана Позднякова,Смотрю ОНЛАЙН-трансляцию в RUTUBE,Оптимально,Очень интересно,Хорошо
3,вторник,Часть Ивана Позднякова,Смотрю ОНЛАЙН-трансляцию в RUTUBE,Слишком сложно/быстро,Очень интересно,Хорошо
3,вторник,Часть Ивана Позднякова,Смотрю ОНЛАЙН-трансляцию в RUTUBE,Слишком легко/медленно,Нейтрально,Нормально
3,вторник,Часть Ивана Позднякова,Смотрю ОНЛАЙН-трансляцию в DISCORD,Слишком сложно/быстро,Очень интересно,Хорошо
3,вторник,Часть Ивана Позднякова,Смотрю ОНЛАЙН-трансляцию в DISCORD,Оптимально,Очень интересно,Хорошо
3,вторник,Часть Ивана Позднякова,Смотрю ОНЛАЙН-трансляцию в RUTUBE,Слишком сложно/быстро,Нейтрально,Нормально
3,вторник,Часть Ивана Позднякова,Смотрю ОНЛАЙН-трансляцию в DISCORD,Слишком легко/медленно,Нейтрально,Хорошо
3,вторник,Часть Ивана Позднякова,Смотрю ОНЛАЙН-трансляцию в RUTUBE,Оптимально,Очень интересно,Хорошо
3,вторник,Часть Ивана Позднякова,Смотрю ОНЛАЙН-трансляцию в DISCORD,Слишком сложно/быстро,Очень интересно,Хорошо
3,вторник,Часть Ивана Позднякова,Смотрю ЗАПИСЬ в RUTUBE,Слишком сложно/быстро,Очень интересно,Хорошо
3,вторник,Часть Ивана Позднякова,Смотрю ЗАПИСЬ в RUTUBE,Оптимально,Очень интересно,Хорошо
3,вторник,Часть Ивана Позднякова,Смотрю ЗАПИСЬ в RUTUBE,Слишком легко/медленно,Очень интересно,Хорошо
3,вторник,Часть Ивана Позднякова,Смотрю ЗАПИСЬ в RUTUBE,Слишком сложно/быстро,Нейтрально,Нормально
3,вторник,Часть Ивана Позднякова,Смотрю ЗАПИСЬ в RUTUBE,Оптимально,Очень интересно,Хорошо
3,вторник,Часть Ивана Позднякова,Смотрю ЗАПИСЬ в RUTUBE,Слишком легко/медленно,Нейтрально,Хорошо
3,вторник,Часть Ивана Позднякова,Смотрю ЗАПИСЬ в RUTUBE,Оптимально,Очень интересно,Хорошо
3,вторник,Часть Ивана Позднякова,Смотрю ЗАПИСЬ в RUTUBE,Слишком легко/медленно,Нейтрально,Нормально
3,вторник,Часть Ивана Позднякова,Смотрю ЗАПИСЬ в RUTUBE,Оптимально,Очень интересно,Хорошо
3,вторник,Часть Ивана Позднякова,Смотрю ЗАПИСЬ в RUTUBE,Оптимально,Очень интересно,Хорошо
2,четверг,Часть Ивана Позднякова,Смотрю ОНЛАЙН-трансляцию в RUTUBE,Слишком легко/медленно,Очень интересно,Хорошо
2,четверг,Часть Ивана Позднякова,Смотрю ОНЛАЙН-трансляцию в DISCORD,Оптимально,Очень интересно,Хорошо
2,четверг,Часть Ивана Позднякова,Смотрю ОНЛАЙН-трансляцию в RUTUBE,Оптимально,Очень интересно,Хорошо
2,четверг,Часть Ивана Позднякова,Смотрю ОНЛАЙН-трансляцию в DISCORD,Оптимально,Нейтрально,Хорошо
2,четверг,Часть Ивана Позднякова,Смотрю ОНЛАЙН-трансляцию в DISCORD,Слишком сложно/быстро,Очень интересно,Хорошо
2,четверг,Часть Ивана Позднякова,Смотрю ОНЛАЙН-трансляцию в DISCORD,Оптимально,Очень интересно,Хорошо
2,четверг,Часть Ивана Позднякова,Смотрю ОНЛАЙН-трансляцию в DISCORD,Оптимально,Очень интересно,Хорошо
2,четверг,Часть Ивана Позднякова,Смотрю ОНЛАЙН-трансляцию в RUTUBE,Оптимально,Нейтрально,Хорошо
2,четверг,Часть Ивана Позднякова,Смотрю ОНЛАЙН-трансляцию в DISCORD,Оптимально,Очень интересно,Хорошо
2,четверг,Часть Ивана Позднякова,Смотрю ОНЛАЙН-трансляцию в RUTUBE,Слишком сложно/быстро,Очень интересно,Нормально
2,четверг,Часть Ивана Позднякова,Смотрю ОНЛАЙН-трансляцию в DISCORD,Оптимально,Очень интересно,Хорошо
2,четверг,Часть Ивана Позднякова,Смотрю ОНЛАЙН-трансляцию в DISCORD,Слишком сложно/быстро,Очень интересно,Хорошо
2,четверг,Часть Ивана Позднякова,Смотрю ОНЛАЙН-трансляцию в DISCORD,Слишком сложно/быстро,Очень интересно,Хорошо
2,четверг,Часть Ивана Позднякова,Смотрю ОНЛАЙН-трансляцию в DISCORD,Оптимально,Очень интересно,Хорошо
2,четверг,Часть Ивана Позднякова,Смотрю ОНЛАЙН-трансляцию в RUTUBE,Оптимально,Очень интересно,Хорошо
2,четверг,Часть Ивана Позднякова,Смотрю ОНЛАЙН-трансляцию в RUTUBE,Оптимально,Очень интересно,Нормально
2,четверг,Часть Ивана Позднякова,Смотрю ОНЛАЙН-трансляцию в RUTUBE,Оптимально,Очень интересно,Хорошо
2,четверг,Часть Ивана Позднякова,Смотрю ОНЛАЙН-трансляцию в DISCORD,Оптимально,Очень интересно,Хорошо
2,четверг,Часть Ивана Позднякова,Смотрю ОНЛАЙН-трансляцию в DISCORD,Оптимально,Очень интересно,Хорошо
2,четверг,Часть Ивана Позднякова,Смотрю ОНЛАЙН-трансляцию в DISCORD,Оптимально,Очень интересно,Хорошо
2,четверг,Часть Ивана Позднякова,Смотрю ОНЛАЙН-трансляцию в RUTUBE,Оптимально,Нейтрально,Хорошо
2,четверг,Часть Ивана Позднякова,Смотрю ОНЛАЙН-трансляцию в RUTUBE,Слишком легко/медленно,Очень интересно,Хорошо
2,четверг,Часть Ивана Позднякова,Смотрю ОНЛАЙН-трансляцию в DISCORD,Слишком сложно/быстро,Очень интересно,Хорошо
2,четверг,Часть Ивана Позднякова,Смотрю ЗАПИСЬ в RUTUBE,Оптимально,Очень интересно,Хорошо
2,четверг,Часть Ивана Позднякова,Смотрю ЗАПИСЬ в RUTUBE,Оптимально,Очень интересно,Хорошо
2,четверг,Часть Ивана Позднякова,Смотрю ЗАПИСЬ в RUTUBE,Оптимально,Очень интересно,Хорошо
2,четверг,Часть Ивана Позднякова,Смотрю ЗАПИСЬ в RUTUBE,Оптимально,Очень интересно,Хорошо
2,четверг,Часть Ивана Позднякова,Смотрю ЗАПИСЬ в RUTUBE,Оптимально,Очень интересно,Хорошо
2,четверг,Часть Ивана Позднякова,Смотрю ЗАПИСЬ в RUTUBE,Оптимально,Очень интересно,Хорошо
2,четверг,Часть Ивана Позднякова,Смотрю ЗАПИСЬ в RUTUBE,Оптимально,Очень интересно,Хорошо
2,четверг,Часть Ивана Позднякова,Смотрю ЗАПИСЬ в RUTUBE,Оптимально,Очень интересно,Хорошо
1,вторник,Часть Ивана Позднякова,Смотрю ОНЛАЙН-трансляцию в DISCORD,Оптимально,Очень интересно,Хорошо
1,вторник,Часть Ивана Позднякова,Смотрю ОНЛАЙН-трансляцию в DISCORD,Оптимально,Очень интересно,Хорошо
1,вторник,Часть Ивана Позднякова,Смотрю ОНЛАЙН-трансляцию в DISCORD,Оптимально,Очень интересно,Хорошо
1,вторник,Часть Ивана Позднякова,Смотрю ОНЛАЙН-трансляцию в DISCORD,Оптимально,Очень интересно,Хорошо
1,вторник,Часть Ивана Позднякова,Смотрю ОНЛАЙН-трансляцию в RUTUBE,Оптимально,Нейтрально,Хорошо
1,вторник,Часть Ивана Позднякова,Смотрю ОНЛАЙН-трансляцию в RUTUBE,Слишком легко/медленно,Очень интересно,Хорошо
1,вторник,Часть Ивана Позднякова,Смотрю ОНЛАЙН-трансляцию в DISCORD,Оптимально,Очень интересно,Хорошо
1,вторник,Часть Ивана Позднякова,Смотрю ОНЛАЙН-трансляцию в DISCORD,Оптимально,Нейтрально,Нормально
1,вторник,Часть Ивана Позднякова,Смотрю ОНЛАЙН-трансляцию в RUTUBE,Оптимально,Нейтрально,Нормально
1,вторник,Часть Ивана Позднякова,Смотрю ОНЛАЙН-трансляцию в DISCORD,Оптимально,Очень интересно,Хорошо
1,вторник,Часть Ивана Позднякова,Смотрю ОНЛАЙН-трансляцию в DISCORD,Оптимально,Очень интересно,Хорошо
1,вторник,Часть Ивана Позднякова,Смотрю ОНЛАЙН-трансляцию в DISCORD,Оптимально,Очень интересно,Хорошо
1,вторник,Часть Ивана Позднякова,Смотрю ОНЛАЙН-трансляцию в RUTUBE,Оптимально,Очень интересно,Хорошо
1,вторник,Часть Ивана Позднякова,Смотрю ОНЛАЙН-трансляцию в DISCORD,Слишком легко/медленно,Нейтрально,Хорошо
1,вторник,Часть Ивана Позднякова,Смотрю ОНЛАЙН-трансляцию в RUTUBE,Оптимально,Очень интересно,Хорошо
1,вторник,Часть Ивана Позднякова,Смотрю ОНЛАЙН-трансляцию в RUTUBE,Оптимально,Нейтрально,Хорошо
1,вторник,Часть Ивана Позднякова,Смотрю ОНЛАЙН-трансляцию в RUTUBE,Оптимально,Очень интересно,Хорошо
1,вторник,Часть Ивана Позднякова,Смотрю ОНЛАЙН-трансляцию в DISCORD,Слишком легко/медленно,Нейтрально,Хорошо
1,вторник,Часть Ивана Позднякова,Смотрю ОНЛАЙН-трансляцию в RUTUBE,Оптимально,Нейтрально,Хорошо
1,вторник,Часть Ивана Позднякова,Смотрю ОНЛАЙН-трансляцию в DISCORD,Оптимально,Очень интересно,Хорошо
1,вторник,Часть Ивана Позднякова,Смотрю ОНЛАЙН-трансляцию в DISCORD,Оптимально,Очень интересно,Хорошо
1,вторник,Часть Ивана Позднякова,Смотрю ОНЛАЙН-трансляцию в RUTUBE,Оптимально,Нейтрально,Нормально
1,вторник,Часть Ивана Позднякова,Смотрю ОНЛАЙН-трансляцию в RUTUBE,Оптимально,Очень интересно,Нормально
1,вторник,Часть Ивана Позднякова,Смотрю ОНЛАЙН-трансляцию в RUTUBE,Оптимально,Очень интересно,Хорошо
1,вторник,Часть Ивана Позднякова,Смотрю ОНЛАЙН-трансляцию в DISCORD,Слишком легко/медленно,Нейтрально,Нормально
1,вторник,Часть Ивана Позднякова,Смотрю ОНЛАЙН-трансляцию в DISCORD,Оптимально,Очень интересно,Нормально
1,вторник,Часть Ивана Позднякова,Смотрю ОНЛАЙН-трансляцию в RUTUBE,Оптимально,Очень интересно,Нормально
1,вторник,Часть Ивана Позднякова,Смотрю ЗАПИСЬ в RUTUBE,Оптимально,Очень интересно,Хорошо
1,вторник,Часть Ивана Позднякова,Смотрю ЗАПИСЬ в RUTUBE,Оптимально,Очень интересно,Хорошо
1,вторник,Часть Ивана Позднякова,Смотрю ЗАПИСЬ в RUTUBE,Слишком легко/медленно,Нейтрально,Хорошо
1,вторник,Часть Ивана Позднякова,Смотрю ЗАПИСЬ в RUTUBE,Оптимально,Нейтрально,Хорошо
1,вторник,Часть Ивана Позднякова,Смотрю ЗАПИСЬ в RUTUBE,Оптимально,Очень интересно,Хорошо
1,вторник,Часть Ивана Позднякова,Смотрю ЗАПИСЬ в RUTUBE,Оптимально,Очень интересно,Хорошо
